Maker,Bean_Origin/Bar_Name,Review_Year,Cocoa_Pct,Maker_Location,Rating,Bean_Type,Bean_Origin
Amedei,Nine,2007,0.75,Italy,4,Blend,Argentina
Amedei,Toscano Black,2007,0.63,Italy,3.5,Blend,Argentina
Amedei,Toscano Black,2006,0.7,Italy,5,Blend,Argentina
Amedei,Toscano Black,2006,0.66,Italy,4,Blend,Argentina
Bahen & Co.,Houseblend,2012,0.7,Australia,2.5,Blend,Argentina
Burnt Fork Bend,Blend,2014,0.72,U.S.A.,3.25,Blend,Argentina
C-Amaro,"Lago di Como, Blu",2014,0.7,Italy,3.5,Blend,Argentina
Chocovic,Maragda,2007,0.7,Spain,3,Blend,Argentina
Domori,Blend No. 1,2008,0.78,Italy,3.5,Blend,Argentina
Domori,Ilblend,2008,0.7,Italy,3.75,Blend,Argentina
Guittard,Complexite,2009,0.7,U.S.A.,3.5,Blend,Argentina
Guittard,Quetzalcoatl,2007,0.72,U.S.A.,3.5,Blend,Argentina
Guittard,Tsaranta,2006,0.61,U.S.A.,3.5,Blend,Argentina
Guittard,Semisweet,2006,0.61,U.S.A.,3,Blend,Argentina
Original Beans (Felchlin),"Grand Cru Blend No.1, 5 yr. Anniversary Ed",2014,0.8,Switzerland,3.25,Blend,Argentina
Patric,Signature Blend,2011,0.7,U.S.A.,3.75,Blend,Argentina
Ritual,"Mid Mountain, 2014",2015,0.7,U.S.A.,3.5,Blend,Argentina
Scharffen Berger,Bittersweet,2006,0.7,U.S.A.,3.5,Blend,Argentina
Scharffen Berger,Semisweet,2006,0.62,U.S.A.,3,Blend,Argentina
Solstice,Wasatch,2013,0.7,U.S.A.,3.5,Blend,Argentina
Raw Cocoa,Raw,2012,0.7,Poland,2.5,Criollo,Argentina
Habitual,Trinitario,2014,0.7,Canada,3.5,Trinitario,Argentina
Heirloom Cacao Preservation (Brasstown),"Maya Mtn, Moho R., Toledo D., 2015",2016,0.7,U.S.A.,3.25,Amazon,Colombia
Silvio Bessone,Maya Belize,2011,0.67,Italy,3,Criollo,Colombia
Shark Mountain,"Belize, 2013",2014,0.72,U.S.A.,3.25,Criollo,Colombia
Violet Sky,Moho River Valley,2015,0.77,U.S.A.,3,Criollo,Colombia
Ambrosia,Belize,2015,0.64,Canada,3,Trinitario,Colombia
Arete,Maya Mountain,2015,0.7,U.S.A.,3.75,Trinitario,Colombia
Belyzium,"Belize south, low fermentation",2016,0.83,Germany,2.75,Trinitario,Colombia
Belyzium,Belize south,2016,0.78,Germany,3,Trinitario,Colombia
Belyzium,Belize south,2016,0.83,Germany,3.5,Trinitario,Colombia
Bisou,Belize,2015,0.86,U.S.A.,3.25,Trinitario,Colombia
Bowler Man,Maya Mountain,2014,0.7,U.S.A.,2.75,Trinitario,Colombia
Brasstown aka It's Chocolate,Maya Mountain,2014,0.7,U.S.A.,3.75,Trinitario,Colombia
Brazen,Maya Mountain,2015,0.8,U.S.A.,3.25,Trinitario,Colombia
Burnt Fork Bend,Belize,2014,0.72,U.S.A.,3.25,Trinitario,Colombia
Castronovo,"Maya Mtn, Batch 454, Heirloom",2016,0.72,U.S.A.,4,Trinitario,Colombia
Choco Del Sol,Maya Mountain w/ nibs,2014,0.75,Germany,3,Trinitario,Colombia
Choco Del Sol,Maya Mountain,2014,0.82,Germany,3.25,Trinitario,Colombia
Dandelion,"Maya Mtn., Break Bar- Snark",2015,0.7,U.S.A.,3,Trinitario,Colombia
Dandelion,Maya Mountain,2014,0.7,U.S.A.,3.5,Trinitario,Colombia
Dick Taylor,Belize,2012,0.72,U.S.A.,2.75,Trinitario,Colombia
Ethereal,Belize,2014,0.8,U.S.A.,3,Trinitario,Colombia
Feitoria Cacao,Maya Mountain,2016,0.76,Portugal,2.75,Trinitario,Colombia
Isidro,Belize,2014,0.72,U.S.A.,3.25,Trinitario,Colombia
Izard,"Maya Mountain, Toledo, Batch 29",2015,0.7,U.S.A.,3.5,Trinitario,Colombia
Just Good Chocolate,Belize,2014,0.7,U.S.A.,3.5,Trinitario,Colombia
Kto,Belize,2014,0.72,U.S.A.,3,Trinitario,Colombia
Kto,Belize,2014,0.9,U.S.A.,3.25,Trinitario,Colombia
Mast Brothers,Moho River,2011,0.7,U.S.A.,3.5,Trinitario,Colombia
Maverick,Maya Mountain,2014,0.7,U.S.A.,3.25,Trinitario,Colombia
Meadowlands,Belize,2014,0.7,U.S.A.,3,Trinitario,Colombia
Middlebury,Maya Mountain,2015,0.8,U.S.A.,3.5,Trinitario,Colombia
Middlebury,Belize,2013,0.8,U.S.A.,3.25,Trinitario,Colombia
Moho,"Toledo District, w/ nibs",2013,0.73,U.S.A.,3.25,Trinitario,Colombia
Moho,Toledo District,2013,0.72,U.S.A.,3,Trinitario,Colombia
Moho,"Umoho R., Toledo District, San Felipe",2010,0.67,U.S.A.,2.75,Trinitario,Colombia
Noble Bean aka Jerjobo,Moho Valley,2014,0.75,U.S.A.,3,Trinitario,Colombia
organicfair,Maya Mountain,2013,0.74,Canada,2.75,Trinitario,Colombia
Palette de Bine,Maya Mtn,2016,0.72,Canada,3,Trinitario,Colombia
Ritual,"Toledo District, Maya",2013,0.75,U.S.A.,3.75,Trinitario,Colombia
Sublime Origins,Moho Valley,2013,0.78,U.S.A.,3.25,Trinitario,Colombia
Taza,Belize,2014,0.68,U.S.A.,3,Trinitario,Colombia
Terroir,Belize,2015,0.7,U.S.A.,3.75,Trinitario,Colombia
Zak's,"Belize, Batch 2",2015,0.7,U.S.A.,3.5,Trinitario,Colombia
La Chocolaterie Nanairo,"Belize, 2014 Harvest, Batch 9",2016,0.7,Japan,3,Trinitario,Colombia
Timo A. Meyer,"Belize, med roast",2016,0.72,Germany,3.75,Trinitario,Colombia
Heirloom Cacao Preservation (Guittard),"Alto Beni, Upper Rio Beni, 2014",2014,0.67,U.S.A.,3.5,Amazon,Bolivia
Heirloom Cacao Preservation (Zokoko),"Alto Beni, Upper Rio Beni, 2015",2016,0.68,U.S.A.,3.75,Amazon,Bolivia
Fruition,"Wild Bolivian, Batch 2",2016,0.74,U.S.A.,3.75,Beniano,Bolivia
Heirloom Cacao Preservation (Guittard),"Wild Beni, Lower Rio Beni, Tranquilidad, 2014",2014,0.67,U.S.A.,3,Beniano,Bolivia
Heirloom Cacao Preservation (Zokoko),"Wild Beni, Lower Rio Beni, Tranquilidad, 2015",2016,0.72,U.S.A.,4,Beniano,Bolivia
Lillie Belle,"Bolivia, Wild Thing",2012,0.68,U.S.A.,3.5,Criollo,Bolivia
Lillie Belle,Wild Thing,2012,0.68,U.S.A.,3.5,Criollo,Bolivia
Middlebury,Alto Beni,2012,0.75,U.S.A.,2,Criollo,Bolivia
Oialla by Bojessen (Malmo),"Sylvestre, Oialla",2011,0.7,Germany,3.5,Criollo,Bolivia
Rogue,"Silvestre, Batch 1, 2011",2011,0.75,U.S.A.,3,Criollo,Bolivia
Sprungli (Felchlin),Alto Beni,2013,0.7,Switzerland,3,Criollo,Bolivia
Tocoti,"Wild Bolivian, Jungle Love",2012,0.77,U.S.A.,3,Criollo,Bolivia
Felchlin,"Alto Beni, Cru Savage",2006,0.68,Switzerland,4,Criollo,Bolivia
Hummingbird,Bolivia,2014,0.7,Canada,3,Criollo,Bolivia
Hummingbird,"Bolivia, Bo-nib-ia, w/ nibs",2014,0.7,Canada,3,Criollo,Bolivia
Soma,"Alto Beni, Wild Bolivian",2011,0.7,Canada,3.5,Nacional,Bolivia
Castronovo,Bolivia,2013,0.7,U.S.A.,3,Trinitario,Bolivia
Akesson's (Pralus),"Monte Alegre, D. Badero",2010,0.75,Switzerland,2.75,Forastero,Brazil
K'ul,"Bahia, Fazenda Camboa",2016,0.7,U.S.A.,3.75,Forastero,Brazil
Pierre Marcolini,"Bahia Brazil, Fazenda Sao Pedro",2009,0.72,Belgium,3,Forastero,Brazil
Pralus,"Monte Alegre (Itacare), Brazil",2006,0.75,France,3,Forastero,Brazil
Salgado,Bahia Superior,2008,0.7,Argentina,3.5,Forastero,Brazil
AMMA,Catongo,2013,0.75,Brazil,3.25,Forastero ,Brazil
Lajedo do Ouro,Catongo,2012,0.7,Brazil,3.5,Forastero ,Brazil
AMMA,"Monte Alegre, 3 diff. plantations",2010,0.85,Brazil,2.75,Forastero ,Brazil
AMMA,"Monte Alegre, 3 diff. plantations",2010,0.5,Brazil,3.75,Forastero ,Brazil
AMMA,"Monte Alegre, 3 diff. plantations",2010,0.75,Brazil,3.75,Forastero ,Brazil
AMMA,"Monte Alegre, 3 diff. plantations",2010,0.6,Brazil,4,Forastero ,Brazil
Mission,"Bahia, Fazenda Venturosa",2015,0.7,Brazil,3.5,Forastero ,Brazil
Soma,"Bahia Black, batch bra50722.1",2016,0.7,Canada,3.5,Forastero ,Brazil
Szanto Tibor,"Fazenda Sempre Firme, Bahia",2015,0.7,Hungary,3.5,Forastero ,Brazil
Tejas,"Bahia, Floresta Azul,Good Friends Reserve#3",2012,0.7,U.S.A.,3.5,Forastero ,Brazil
Cao,Brazil,2016,0.7,U.S.A.,3.25,Trinitario,Brazil
Cravve,"Bahia, batch a1213",2012,0.65,Australia,3.25,Trinitario,Brazil
Silvio Bessone,"Bahia, Scavina",2011,0.6,Italy,3.25,Trinitario,Brazil
Stella (aka Bernrain),"Bahia, Agri-Forestal Plantation, 2010",2012,0.68,Switzerland,2.75,Trinitario,Brazil
Nugali,Fazenda Leolinda,2016,0.7,Brazil,3.5,Trinitario,Brazil
Glennmade,Bahia,2015,0.66,U.S.A.,3,Trinitario,Brazil
Pierre Marcolini,"Haut Penja, w/ nibs",2015,0.7,Belgium,3.25,Forastero,Cameroon
Scharffen Berger,Antilles (Trin/Gren/DR/Ven),2007,0.75,U.S.A.,3,Blend,Dominican Republic
Bonnat,Trinite,2006,0.75,France,3.75,Trinitario,Dominican Republic
Valrhona,Caraibe,2006,0.66,France,3,Trinitario,Dominican Republic
Carlotta Chocolat,Cesar,2016,0.65,Colombia,3.5,CCN51,Colombia
Castronovo,Sierra Nevada,2014,0.72,U.S.A.,3.5,Criollo,Colombia
Castronovo,Arauca,2014,0.76,U.S.A.,3.5,Criollo,Colombia
Dormouse,"Colombia, Batch 9",2015,0.8,U.K.,2.75,Criollo,Colombia
Silvio Bessone,"Porcelana, Colombia, Amazonas",2011,0.68,Italy,3,Criollo,Colombia
Santander (Compania Nacional),Colombian 2008,2009,0.75,Colombia,2.75,Forastero ,Colombia
Santander (Compania Nacional),Colombian w/ nibs,2009,0.7,Colombia,3,Forastero ,Colombia
Santander (Compania Nacional),Colombian Semi Dark,2006,0.53,Colombia,2,Forastero ,Colombia
Santander (Compania Nacional),Colombian,2006,0.65,Colombia,3,Forastero ,Colombia
Santander (Compania Nacional),Colombian Dark,2006,0.7,Colombia,4,Forastero ,Colombia
Artisan du Chocolat (Casa Luker),"Orinoqua Region, Arauca",2013,0.72,U.K.,2.75,Trinitario,Colombia
Carlotta Chocolat,Arauca,2016,0.65,Colombia,3,Trinitario,Colombia
Carlotta Chocolat,Tumaco,2016,0.65,Colombia,3.25,Trinitario,Colombia
Carlotta Chocolat,Cordoba,2016,0.65,Colombia,3.25,Trinitario,Colombia
Carlotta Chocolat,Huila,2016,0.65,Colombia,3.5,Trinitario,Colombia
Guittard,Chucuri,2006,0.65,U.S.A.,3,Trinitario,Colombia
Pralus,Colombie,2006,0.75,France,3.5,Trinitario,Colombia
Willie's Cacao,Los Llanos,2014,0.88,U.K.,3,Trinitario,Colombia
Cacao Sampaka,"Mahali, Kasai",2016,0.7,Spain,3.5,Criollo,Congo
Artisan du Chocolat,Congo,2008,0.72,U.K.,3.75,Forastero,Congo
Blanxart,"Congo, Grand Cru",2013,0.82,Spain,3.5,Forastero,Congo
Chocolate Makers,"Congo, Gorilla bar",2015,0.68,Netherlands,3.5,Forastero,Congo
Ocelot,Virunga,2015,0.7,Scotland,3.75,Forastero,Congo
Original Beans (Felchlin),"D.R. Congo, Cru Virunga",2009,0.7,Switzerland,3,Forastero,Congo
Raaka,Virunga,2015,0.75,U.S.A.,2.75,Forastero,Congo
Theo,Congo w/ nibs,2012,0.65,U.S.A.,3.25,Forastero,Congo
Zotter,"Kongo, Highlands",2012,0.68,Austria,3.25,Forastero,Congo
Zotter,Congo,2011,0.65,Austria,3,Forastero,Congo
Fruition,"Coto Brus, Heirloom, Batch 1",2016,0.74,U.S.A.,4,Amazon mix,Costa Rica
Heirloom Cacao Preservation (Fruition),"Cota Brus, Terciopelo, 2015",2016,0.74,U.S.A.,3.5,Amazon mix,Costa Rica
Caribeans,Costa Rica,2012,0.72,Costa Rica,3,Forastero,Costa Rica
Caribeans,Costa Rica,2012,0.8,Costa Rica,2.75,Forastero,Costa Rica
Potomac,Upala w/ nibs,2011,0.7,U.S.A.,3.5,Matina,Costa Rica
Potomac,"Upala, Batch 18",2011,0.7,U.S.A.,3,Matina,Costa Rica
Potomac,"Upala, Batch 12",2010,0.82,U.S.A.,3.75,Matina,Costa Rica
DeVries,Costa Rica,2007,0.77,U.S.A.,3.5,Trinitario,Costa Rica
Fruition,Signature Blend,2011,0.66,U.S.A.,3.25,Trinitario,Costa Rica
Maglio,Cuba,2008,0.7,Italy,3.25,Criollo,Cuba
Pierre Marcolini,"Baracoa, Cuba",2010,0.78,Belgium,3.75,Criollo,Cuba
Benoit Nihant,Baracoa,2013,0.74,Belgium,3.5,Trinitario,Cuba
Bonnat,Cuba,2011,0.75,France,3.5,Trinitario,Cuba
Pralus,Cuba,2006,0.75,France,3,Trinitario,Cuba
Szanto Tibor,Baracoa,2015,0.88,Hungary,3.25,Trinitario,Cuba
Szanto Tibor,Baracoa,2014,0.7,Hungary,3.75,Trinitario,Cuba
Castronovo,"Duarte, Batch 360",2015,0.7,U.S.A.,3.75,Criollo,Dominican Republic
Georgia Ramon,Conacado Coop,2015,0.7,Germany,3.5,Trinitario,Dominican Republic
Georgia Ramon,Conacado Coop,2015,0.8,Germany,3.5,Trinitario,Dominican Republic
Hogarth,Conacado,2016,0.75,New Zealand,3.25,Trinitario,Dominican Republic
Maglio,Santo Domingo,2008,0.7,Italy,3.75,Blend,Dominican Republic
Cacao Prieto,"Criollo, Dominican Republic",2012,0.72,U.S.A.,3.75,Criollo,Dominican Republic
Map Chocolate,"ROIG, 2014",2015,0.7,U.S.A.,3.5,Criollo,Dominican Republic
Shark Mountain,ROIG,2015,0.74,U.S.A.,3.5,Criollo,Dominican Republic
Soma,"Elvesia P., Black Science",2011,0.7,Canada,3.75,Forastero,Dominican Republic
Soma,Hispaniola,2009,0.7,Canada,3,Forastero,Dominican Republic
Altus aka Cao Artisan,Conacado,2013,0.6,U.S.A.,3,Trinitario,Dominican Republic
Artisan du Chocolat,Dominican Republic,2009,0.72,U.K.,3.25,Trinitario,Dominican Republic
Brasstown aka It's Chocolate,Cooproagro,2013,0.72,U.S.A.,3,Trinitario,Dominican Republic
Castronovo,Elvesia P.,2014,0.7,U.S.A.,2.75,Trinitario,Dominican Republic
Castronovo,Conacado,2013,0.73,U.S.A.,3.5,Trinitario,Dominican Republic
Chocolate Makers,Tres Hombres,2015,0.75,Netherlands,3.25,Trinitario,Dominican Republic
Hummingbird,Hispaniola,2014,0.7,Canada,3.75,Trinitario,Dominican Republic
Kiskadee,"La Red, Guanconjeco",2014,0.6,U.S.A.,3,Trinitario,Dominican Republic
Nibble,Elvesia P.,2015,0.72,U.S.A.,2.75,Trinitario,Dominican Republic
Soma,"Rizek Cacao, Domin. Rep.",2013,0.77,Canada,3.75,Trinitario,Dominican Republic
Soma,Conacado,2009,0.7,Canada,3,Trinitario,Dominican Republic
Wellington Chocolate Factory,Conacado,2016,0.7,New Zealand,3.5,Trinitario,Dominican Republic
Felchlin,Elvesia P.,2006,0.74,Switzerland,3,Trinitario,Dominican Republic
"Smooth Chocolator, The","Porcelana, Sorotaima,Machiques,batch pcl001",2016,0.7,Australia,4,Criollo,Ecuador
Pralus,Fortissima,2006,0.8,France,4,Criollo,Ecuador
Heirloom Cacao Preservation (Guittard),"Los Rios, Hacienda Limon, Orecao, 2014",2014,0.67,U.S.A.,3.75,EET,Ecuador
Heirloom Cacao Preservation (Millcreek),"Los Rios, Hacienda Limon, Orecao, 2015",2016,0.7,U.S.A.,3.5,EET,Ecuador
Heirloom Cacao Preservation (Mindo),"Pinchincha, Mindo, Coop Nueva Esper., 2015",2016,0.77,U.S.A.,3.5,EET,Ecuador
Aequare (Gianduja),"Los Rios, Quevedo, Arriba",2009,0.55,Ecuador,2.75,Forastero ,Ecuador
Aequare (Gianduja),"Los Rios, Quevedo, Arriba",2009,0.7,Ecuador,3,Forastero ,Ecuador
Askinosie,San Jose del Tambo,2007,0.7,U.S.A.,3,Forastero ,Ecuador
Bonnat,Equateur,2007,0.75,France,2.5,Forastero ,Ecuador
Bouga Cacao (Tulicorp),"El Oro, Hacienda de Oro",2009,0.77,Ecuador,3.25,Forastero ,Ecuador
Bouga Cacao (Tulicorp),"El Oro, Hacienda de Oro",2009,1,Ecuador,1.5,Forastero ,Ecuador
Cacaoyere (Ecuatoriana),Amazonia,2008,0.63,Ecuador,3.5,Forastero ,Ecuador
Cacaoyere (Ecuatoriana),Esmeraldas,2008,0.71,Ecuador,3.5,Forastero ,Ecuador
Cacaoyere (Ecuatoriana),Bolivar,2008,0.82,Ecuador,2.5,Forastero ,Ecuador
Cacaoyere (Ecuatoriana),Pichincha,2008,0.91,Ecuador,1.5,Forastero ,Ecuador
Caoni (Tulicorp),Esmeraldas,2008,0.77,Ecuador,2,Forastero ,Ecuador
Caoni (Tulicorp),Manabi,2008,0.77,Ecuador,2.5,Forastero ,Ecuador
Caoni (Tulicorp),Los Rios,2008,0.77,Ecuador,2.75,Forastero ,Ecuador
Caoni (Tulicorp),Manabi,2008,0.55,Ecuador,3,Forastero ,Ecuador
Caoni (Tulicorp),Los Rios,2008,0.55,Ecuador,3.25,Forastero ,Ecuador
Caoni (Tulicorp),Esmeraldas,2008,0.55,Ecuador,3.5,Forastero ,Ecuador
Chchukululu (Tulicorp),Arriba,2010,0.55,Ecuador,2.75,Forastero ,Ecuador
Chchukululu (Tulicorp),Los Rios,2008,0.75,Ecuador,3,Forastero ,Ecuador
"Chocolate Tree, The",Ecuador,2012,0.82,Scotland,2.5,Forastero ,Ecuador
Chocovic,"Bolivar, Guaranda",2007,0.71,Spain,2.5,Forastero ,Ecuador
Domori,Ecuador,2007,0.7,Italy,4,Forastero ,Ecuador
Felchlin,Arriba,2006,0.72,Switzerland,3.5,Forastero ,Ecuador
Guittard,"Los Rios, Quevedo",2006,0.65,U.S.A.,3.5,Forastero ,Ecuador
Hachez,Arriba,2007,0.77,Germany,2.5,Forastero ,Ecuador
Pacari,Esmeraldas,2008,0.6,Ecuador,2.5,Forastero ,Ecuador
Pacari,Manabi,2008,0.65,Ecuador,2.75,Forastero ,Ecuador
Pacari,Los Rios,2008,0.72,Ecuador,3,Forastero ,Ecuador
Pacari,Raw,2008,1,Ecuador,2,Forastero ,Ecuador
Pacari,Raw,2008,0.7,Ecuador,3.5,Forastero ,Ecuador
Republica del Cacao (aka Confecta),"Los Rios, Vinces",2009,0.75,Ecuador,2.5,Forastero ,Ecuador
Republica del Cacao (aka Confecta),Manabi,2007,0.75,Ecuador,3,Forastero ,Ecuador
Republica del Cacao (aka Confecta),El Oro,2007,0.67,Ecuador,3.5,Forastero ,Ecuador
Republica del Cacao (aka Confecta),Los Rios,2007,0.75,Ecuador,3.75,Forastero ,Ecuador
Vintage Plantations (Tulicorp),"Los Rios, Rancho Grande 2004/2007",2007,1,U.S.A.,2,Forastero ,Ecuador
Vintage Plantations (Tulicorp),"Los Rios, Rancho Grande 2004/2007",2007,0.9,U.S.A.,2,Forastero ,Ecuador
Vintage Plantations (Tulicorp),"Los Rios, Rancho Grande 2004/2007",2007,0.75,U.S.A.,3,Forastero ,Ecuador
Vintage Plantations (Tulicorp),"Los Rios, Rancho Grande 2007",2007,0.65,U.S.A.,3,Forastero ,Ecuador
Guido Castagna,Arriba,2009,0.64,Italy,3,Forastero ,Ecuador
Hoja Verde (Tulicorp),Arriba,2009,0.8,Ecuador,2,Forastero ,Ecuador
Hoja Verde (Tulicorp),Manabi,2009,0.8,Ecuador,2.5,Forastero ,Ecuador
Hoja Verde (Tulicorp),Arriba,2009,0.72,Ecuador,3,Forastero ,Ecuador
Hoja Verde (Tulicorp),Arriba,2009,0.58,Ecuador,3.25,Forastero ,Ecuador
Hoja Verde (Tulicorp),Manabi,2009,0.58,Ecuador,3.5,Forastero ,Ecuador
Salgado,Rio Arriba,2008,0.7,Argentina,3.5,Forastero ,Ecuador
Alexandre,"Winak Coop, Napo",2017,0.7,Netherlands,3.5,Forastero ,Ecuador
Arete,"Puerto Quito, heirloom",2015,0.7,U.S.A.,3.75,Forastero ,Ecuador
Compania de Chocolate (Salgado),Esmeraldas,2008,0.88,Argentina,2.75,Forastero ,Ecuador
Coppeneur,"Ecuador, Puristique",2013,0.65,Germany,3.25,Forastero ,Ecuador
Creo,"""heirloom"", Arriba Nacional",2016,0.85,U.S.A.,3.25,Forastero ,Ecuador
Creo,"""heirloom"", Arriba Nacional",2016,0.73,U.S.A.,3.75,Forastero ,Ecuador
Hotel Chocolat (Coppeneur),"Los Rios, H. Iara",2013,0.9,U.K.,3,Forastero ,Ecuador
Hotel Chocolat (Coppeneur),"Los Rios, H. Iara, 2012",2013,0.82,U.K.,3.5,Forastero ,Ecuador
Hotel Chocolat (Coppeneur),"Los Rios, H. Iara, 2012, 120hr c.",2013,1,U.K.,2.5,Forastero ,Ecuador
Hotel Chocolat (Coppeneur),"Los Rios, H. Iara, 96hr c.",2011,0.8,U.K.,3,Forastero ,Ecuador
Maglio,Ecuador,2008,0.7,Italy,3,Forastero ,Ecuador
Millcreek Cacao Roasters,Ecuador,2013,0.7,U.S.A.,2.5,Forastero ,Ecuador
Nova Monda,"Punta Galera, cacao Nacional, gold label",2012,0.8,Nicaragua,3.25,Forastero ,Ecuador
Pierre Marcolini,"Los Rios, Puerto Romero, Equateur",2007,0.72,Belgium,3.75,Forastero ,Ecuador
Pump Street Bakery,Guantupi River,2014,0.75,U.K.,3,Forastero ,Ecuador
Pump Street Bakery,Guantupi River,2014,0.85,U.K.,2.75,Forastero ,Ecuador
Salgado,Esmeraldas,2008,0.7,Argentina,3.5,Forastero ,Ecuador
Soma,"Camino Verde P., Balao, Guayas",2014,0.8,Canada,3.5,Forastero ,Ecuador
Starchild,"Bolivar, Arriba",2015,0.7,U.S.A.,3,Forastero ,Ecuador
Szanto Tibor,"Winak, Sumaco",2015,0.7,Hungary,3.75,Forastero ,Ecuador
To'ak (Ecuatoriana),Manabi,2014,0.81,Ecuador,3.25,Forastero ,Ecuador
Zotter,El Oro,2012,0.75,Austria,3,Forastero ,Ecuador
Rancho San Jacinto,Ecuador,2010,0.75,Ecuador,3,Forastero ,Ecuador
Coppeneur,"Los Rios, H. Iara",2010,0.72,Germany,2.5,Nacional,Ecuador
Ritual,"Camino Verde P., 2012, Balao, Guayas",2012,0.75,U.S.A.,3.25,Nacional ,Ecuador
Rogue,"Camino Verde P., Balao, Guayas",2012,0.75,U.S.A.,3.75,Nacional ,Ecuador
Zart Pralinen,UNOCACE,2016,0.7,Austria,2.75,Nacional ,Ecuador
Amedei,Ecuador,2007,0.7,Italy,3,Trinitario,Ecuador
Benoit Nihant,Rio Peripa H.,2013,0.73,Belgium,4,Trinitario,Ecuador
Hacienda El Castillo,Don Homero- Cerecita Valley,2014,0.55,Ecuador,2.75,Trinitario,Ecuador
Hacienda El Castillo,Don Homero- Cerecita Valley,2014,0.7,Ecuador,3,Trinitario,Ecuador
Map Chocolate,Ecuador,2015,0.7,U.S.A.,3.5,Trinitario,Ecuador
Nuance,"Ecuador, 2013",2015,0.7,U.S.A.,2.75,Trinitario,Ecuador
organicfair,Mindo,2013,0.72,Canada,3,Trinitario,Ecuador
Pralus,Equateur,2006,0.75,France,3,Trinitario,Ecuador
Shark Mountain,Ecuador,2014,0.75,U.S.A.,3,Trinitario,Ecuador
Adi,Vanua Levu,2011,0.6,Fiji,2.75,Trinitario,Fiji
Adi,"Vanua Levu, Toto-A",2011,0.8,Fiji,3.25,Trinitario,Fiji
Adi,Vanua Levu,2011,0.88,Fiji,3.5,Trinitario,Fiji
Adi,"Vanua Levu, Ami-Ami-CA",2011,0.72,Fiji,3.5,Trinitario,Fiji
Cravve,"Namau Village, N. Taileva P., batch a2812",2012,0.67,Australia,3.25,Trinitario,Fiji
Pitch Dark,Namau Village,2014,0.73,U.S.A.,2.5,Trinitario,Fiji
Amatller (Simon Coll),Ghana,2009,0.7,Spain,3,Forastero,Ghana
Amatller (Simon Coll),Ghana,2009,0.85,Spain,3,Forastero,Ghana
Bittersweet Origins,Ghana,2012,0.72,U.S.A.,3.5,Forastero,Ghana
Bittersweet Origins,Ankasa,2008,0.7,U.S.A.,3,Forastero,Ghana
Brasstown aka It's Chocolate,Ghana,2013,0.75,U.S.A.,3.5,Forastero,Ghana
Coppeneur,Ghana Puristique,2012,0.85,Germany,3.5,Forastero,Ghana
Davis,Ghana,2013,0.7,U.S.A.,2.5,Forastero,Ghana
Dean and Deluca (Belcolade),Ghana,2007,0.6,U.S.A.,3,Forastero,Ghana
Frederic Blondeel,Ghana,2014,0.6,Belgium,3.5,Forastero,Ghana
Fresco,"Ghana, #211, MR, MC",2011,0.74,U.S.A.,2.75,Forastero,Ghana
Georgia Ramon,ABOCFA Coop,2015,0.7,Germany,4,Forastero,Ghana
Guido Castagna,Ghana,2009,0.64,Italy,3,Forastero,Ghana
La Maison du Chocolat (Valrhona),Akosombo,2009,0.68,France,3.25,Forastero,Ghana
Manufaktura Czekolady,Grand Cru Ghana,2012,0.7,Poland,3.5,Forastero,Ghana
Mars,"Ghana, prototype",2010,0.65,U.S.A.,3.5,Forastero,Ghana
Nathan Miller,Ghana,2014,0.7,U.S.A.,3.5,Forastero,Ghana
Noble Bean aka Jerjobo,Ghana,2014,0.75,U.S.A.,3,Forastero,Ghana
Nuance,"Ghana, 2013",2015,0.7,U.S.A.,3.75,Forastero,Ghana
Olive and Sinclair,Ghana prototype,2010,0.72,U.S.A.,3,Forastero,Ghana
Omanhene,Ghana,2011,0.8,Ghana,2.75,Forastero,Ghana
Pralus,Ghana,2006,0.75,France,3.25,Forastero,Ghana
Scharffen Berger,Asante,2009,0.65,U.S.A.,4,Forastero,Ghana
Sjolinds,Ghana,2015,0.7,U.S.A.,2.75,Forastero,Ghana
Snake & Butterfly,Ghana,2011,0.67,U.S.A.,1.5,Forastero,Ghana
Soma,Africa,2009,0.7,Canada,3.5,Forastero,Ghana
TCHO,Chocolatey-beta,2008,0.7,U.S.A.,2.5,Forastero,Ghana
Theo,"Ghana, Kumasi",2007,0.84,U.S.A.,3,Forastero,Ghana
Valrhona,Nyangbo,2009,0.68,France,3.5,Forastero,Ghana
Vanleer (Barry Callebaut),Manhattan,2012,0.72,U.S.A.,2.5,Forastero,Ghana
Vanleer (Barry Callebaut),Napa,2012,0.65,U.S.A.,2.75,Forastero,Ghana
Whittakers,Ghana,2011,0.72,New Zealand,2.5,Forastero,Ghana
Jacque Torres,Trinatario Treasure,2006,0.71,U.S.A.,2,Trinitario,Ghana
Amedei,Grenada,2007,0.7,Italy,3.5,Trinitario,Grenada
Cacao Sampaka,Grenada,2010,0.71,Spain,3.25,Trinitario,Grenada
Callebaut,Grenade,2008,0.6,Belgium,2.75,Trinitario,Grenada
Chocovic,Guyave,2007,0.71,Spain,2.5,Trinitario,Grenada
Coppeneur,Grenada,2010,0.72,Germany,3.25,Trinitario,Grenada
Dormouse,Non Pariel Estate,2016,0.75,U.K.,2.75,Trinitario,Grenada
Felchlin,Grenada,2010,0.58,Switzerland,3.5,Trinitario,Grenada
Grenada Chocolate Co.,Grenada,2010,0.82,Grenada,3.25,Trinitario,Grenada
Grenada Chocolate Co.,Grenada,2009,0.6,Grenada,2.75,Trinitario,Grenada
Grenada Chocolate Co.,Grenada,2008,0.71,Grenada,2.5,Trinitario,Grenada
L.A. Burdick (Felchlin),Grenada,2010,0.75,U.S.A.,3.25,Trinitario,Grenada
La Maison du Chocolat (Valrhona),Grenada,2011,0.68,France,3.5,Trinitario,Grenada
Naive,Grenada,2012,0.71,Lithuania,2.5,Trinitario,Grenada
Pump Street Bakery,"Crayfish Bay Estate, 2014",2015,0.7,U.K.,3.5,Trinitario,Grenada
Rococo (Grenada Chocolate Co.),"Gru Grococo, St. Andrews",2012,0.66,U.K.,3.5,Trinitario,Grenada
Scharffen Berger,Camahogne,2010,0.68,U.S.A.,3.5,Trinitario,Grenada
Soma,"Grenada, Black Science",2011,0.7,Canada,2.75,Trinitario,Grenada
Danta,Las Acacias E.,2012,0.7,Guatemala,4,Criollo,Guatemala
Danta,Las Acacias E.,2009,0.75,Guatemala,3,Criollo,Guatemala
Danta,Las Acacias E.,2009,0.6,Guatemala,3.25,Criollo,Guatemala
Duffy's,"Rio Dulce, Xoco",2015,0.7,U.K.,4,Criollo,Guatemala
Soma,Cahabon Region,2012,0.7,Canada,3.5,Trinitario,Guatemala
Terroir,Guatemala,2015,0.7,U.S.A.,3.75,Trinitario,Guatemala
Violet Sky,Cahabon,2015,0.77,U.S.A.,2.75,Trinitario,Guatemala
Minimal,"Acul-du-Nord, 2015",2016,0.7,Japan,3.5,Criollo,Haiti
Cacao Barry,Grand 'Anse,2016,0.65,France,3.5,Trinitario,Haiti
Garden Island,"Kaua'I, Alea Estate +world",2014,0.85,U.S.A.,2.5,Blend,Hawaii
Malie Kai (Guittard),"O'ahu, N. Shore, Waialua Estate",2009,0.55,U.S.A.,2.75,Blend,Hawaii
Madre,"Criollo, Hawaii",2012,0.7,U.S.A.,3.25,Criollo,Hawaii
Original Hawaiin Chocolate Factory,"Hawai'i, Kona Grand Cru E.",2009,0.6,U.S.A.,3,Criollo,Hawaii
Duffy's,"Indio Rojo, Xoco",2011,0.72,U.K.,3.75,Criollo,Honduras
Friis Holm (Bonnat),"Red Mayan, Xoco",2012,0.7,Denmark,3.25,Criollo,Honduras
Askinosie,Cortes,2011,0.7,U.S.A.,3.75,Trinitario,Honduras
Cacao Market,"Jutiapa, lot 050916D",2016,0.7,U.S.A.,3.5,Trinitario,Honduras
Castronovo,"the lost city, gracias a dias, batch 362",2015,0.72,U.S.A.,3.5,Trinitario,Honduras
Zotter,Kerala State,2011,0.65,Austria,3.5,Forastero,India
Domori,"Java, Javablond",2007,0.7,Italy,3.75,Criollo,Indonesia
Middlebury,"Balinese, Java",2012,0.7,U.S.A.,2.5,Criollo,Indonesia
Pierre Marcolini,"Kendem Lembu, Java",2006,0.72,Belgium,3,Criollo,Indonesia
Pralus,"Java, Indonesie",2006,0.75,France,3.5,Criollo,Indonesia
Soma,Java,2013,0.7,Canada,3.25,Criollo,Indonesia
Akesson's (Pralus),"Bali (west), Sukrama Family, Melaya area",2011,0.75,Switzerland,3.75,Trinitario,Indonesia
Artisan du Chocolat,Java,2009,0.72,U.K.,2.75,Trinitario,Indonesia
Benoit Nihant,"Bali, Sukrama Bros. Farm, Melaya, 62hr C",2011,0.72,Belgium,4,Trinitario,Indonesia
Amedei,Jamaica,2007,0.7,Italy,3,Trinitario,Jamaica
Artisan du Chocolat,Jamaica,2010,0.72,U.K.,3.75,Trinitario,Jamaica
Black River (A. Morin),Blue Mountain Region,2014,0.7,U.K.,2.75,Trinitario,Jamaica
Bonnat,Jamaique,2011,0.75,France,3.25,Trinitario,Jamaica
Breeze Mill,Jamaica,2013,0.7,U.S.A.,3,Trinitario,Jamaica
Coppeneur,Jamaica,2010,0.72,Germany,3.25,Trinitario,Jamaica
Fresco,"Jamaica, #209, DR, SC",2011,0.7,U.S.A.,3.25,Trinitario,Jamaica
Fresco,"Jamaica, #210, DR, MC",2011,0.7,U.S.A.,3.5,Trinitario,Jamaica
Fresco,"Jamaica, #204, DR, SC",2009,0.8,U.S.A.,2.75,Trinitario,Jamaica
Fresco,"Jamaica, #206, DR, LC",2009,0.7,U.S.A.,3,Trinitario,Jamaica
Fresco,"Jamaica, #205, DR, MC",2009,0.7,U.S.A.,3.25,Trinitario,Jamaica
Guittard,Jamaica,2013,0.65,U.S.A.,3.25,Trinitario,Jamaica
Oakland Chocolate Co.,Jamaica,2010,0.7,U.S.A.,2.5,Trinitario,Jamaica
Pralus,Jamaique,2006,0.75,France,4,Trinitario,Jamaica
Rogue,"Bachelor's Hall E., St. Thomas Parish",2013,0.75,U.S.A.,3.75,Trinitario,Jamaica
Rogue,Jamaica,2008,0.7,U.S.A.,2.75,Trinitario,Jamaica
Scharffen Berger,Jamaica a l'ancienne,2006,0.7,U.S.A.,2,Trinitario,Jamaica
Shark Mountain,Jamaica,2015,0.72,U.S.A.,3.25,Trinitario,Jamaica
Soma,"Bachelor's Hall E., St. Thomas Parish",2013,0.7,Canada,4,Trinitario,Jamaica
A. Morin,Madagascar,2013,0.7,France,3,Criollo,Madagascar
Akesson's (Pralus),"Madagascar, Ambolikapiky P.",2010,0.75,Switzerland,2.75,Criollo,Madagascar
Bonnat,"Madagascar, 100% criollo",2011,0.75,France,4,Criollo,Madagascar
"Chocolate Tree, The",Madagascar,2012,0.72,Scotland,3.25,Criollo,Madagascar
Domori,Madagared,2007,0.7,Italy,3.5,Criollo,Madagascar
Felchlin,"Madagascar, Grand Cru",2006,0.64,Switzerland,3,Criollo,Madagascar
Levy,Sambirano,2014,0.71,Finland,3.5,Criollo,Madagascar
Pralus,"Sambirano Valley, Le 100%",2008,1,France,3,Criollo,Madagascar
Pralus,"Madagascar, Nosy Be Isle.",2006,0.75,France,3.75,Criollo,Madagascar
Pump Street Bakery,"Akesson's, batch 4411",2015,0.74,U.K.,3.5,Criollo,Madagascar
Soma,Madagascar,2009,0.7,Canada,3.75,Criollo,Madagascar
Szanto Tibor,"Autumn, Primary Harvest, 2012",2013,0.7,Hungary,3.5,Criollo,Madagascar
Szanto Tibor,"Spring, Secondary Harvest, 2012",2013,0.7,Hungary,3.5,Criollo,Madagascar
Guittard,"Sambirano, Ambanja",2006,0.65,U.S.A.,3.5,Criollo,Madagascar
Artisan du Chocolat,Madagascar,2009,0.8,U.K.,3,Criollo,Madagascar
Dormouse,"Madagascar, Batch 8",2015,0.77,U.K.,2.75,Criollo,Madagascar
Valrhona,Manjari,2007,0.64,France,4,Criollo,Madagascar
Zart Pralinen,"Millot P., Ambanja",2016,0.7,Austria,3.5,Criollo,Madagascar
Alain Ducasse,Madagascar,2014,0.75,France,3,Trinitario,Madagascar
Amano,Madagascar,2007,0.7,U.S.A.,3.5,Trinitario,Madagascar
Ambrosia,Madagascar,2015,0.66,Canada,3.25,Trinitario,Madagascar
Ara,Madagascar,2014,0.75,France,3,Trinitario,Madagascar
Bahen & Co.,Sambirano,2012,0.7,Australia,3,Trinitario,Madagascar
Bar Au Chocolat,Sambirano,2012,0.7,U.S.A.,3.75,Trinitario,Madagascar
Benoit Nihant,"Somia Plantation, Sambirano, 70hr C",2011,0.72,Belgium,3.75,Trinitario,Madagascar
Beschle (Felchlin),Madagascar,2011,0.64,Switzerland,3,Trinitario,Madagascar
Bittersweet Origins,"Sambirano, 2009",2010,0.7,U.S.A.,3,Trinitario,Madagascar
Bittersweet Origins,Sambirano,2009,0.75,U.S.A.,3.25,Trinitario,Madagascar
Bittersweet Origins,Sambirano,2009,0.65,U.S.A.,3.5,Trinitario,Madagascar
Bittersweet Origins,Sambirano,2008,0.71,U.S.A.,3,Trinitario,Madagascar
Blue Bandana,"Akesson's E., Sambirano V.",2016,0.82,U.S.A.,3.5,Trinitario,Madagascar
Blue Bandana,Madagascar,2012,0.7,U.S.A.,3.75,Trinitario,Madagascar
Bonnat,Madagascar,2006,0.75,France,4,Trinitario,Madagascar
Bright,Somia Plantation,2014,0.72,Australia,3,Trinitario,Madagascar
Cacao Sampaka,Madagascar,2010,0.71,Spain,3.5,Trinitario,Madagascar
Cacao Store,Madagascar,2015,0.7,Japan,3,Trinitario,Madagascar
Chocola'te,Madagascar,2011,0.7,U.S.A.,3.75,Trinitario,Madagascar
Chocovic,Sambirano,2010,0.71,Spain,3.5,Trinitario,Madagascar
Coleman & Davis,Sambirano,2015,0.75,U.S.A.,3,Trinitario,Madagascar
Coppeneur,Madagascar,2012,0.7,Germany,3.5,Trinitario,Madagascar
Coppeneur,"Sambirano, Menava P.",2007,0.72,Germany,3,Trinitario,Madagascar
Dandelion,Madagascar,2011,0.7,U.S.A.,3.25,Trinitario,Madagascar
Danta,Sambirano,2012,0.7,Guatemala,3.75,Trinitario,Madagascar
Dark Forest,Madagascar,2015,0.7,U.S.A.,3,Trinitario,Madagascar
Dean and Deluca (Belcolade),Madagascar,2007,0.66,U.S.A.,2.5,Trinitario,Madagascar
Dick Taylor,Sambirano,2011,0.8,U.S.A.,2.75,Trinitario,Madagascar
Dick Taylor,Sambirano,2011,0.72,U.S.A.,3,Trinitario,Madagascar
Domori,Madagascar,2007,0.7,Italy,3.5,Trinitario,Madagascar
Durand,Madagascar,2012,0.82,France,2.75,Trinitario,Madagascar
East Van Roasters,Madagascar,2014,0.7,Canada,3.5,Trinitario,Madagascar
Frederic Blondeel,Madagascar,2014,0.65,Belgium,3.5,Trinitario,Madagascar
Fresco,"Sambirano Valley, #216, MR, LC",2012,0.74,U.S.A.,4,Trinitario,Madagascar
Fresco,"Sambirano Valley, #214, LR, MC",2011,0.74,U.S.A.,2.75,Trinitario,Madagascar
Fresco,"Sambirano Valley, #215, MR, MC",2011,0.74,U.S.A.,3,Trinitario,Madagascar
Georgia Ramon,Akesson P.,2015,0.65,Germany,3.25,Trinitario,Madagascar
Georgia Ramon,Akesson P.,2015,0.75,Germany,3.5,Trinitario,Madagascar
hexx,Madagascar,2015,0.74,U.S.A.,3,Trinitario,Madagascar
Hogarth,Akesson's Estate,2016,0.7,New Zealand,2.75,Trinitario,Madagascar
Holy Cacao,Sambirano,2015,0.7,Israel,3.5,Trinitario,Madagascar
Hotel Chocolat (Coppeneur),"Somia Plantation, Akesson, 2012",2013,0.72,U.K.,3,Trinitario,Madagascar
Isidro,Madagascar,2014,0.72,U.S.A.,3.5,Trinitario,Madagascar
Jordis,Madagascar,2015,0.63,Czech Republic,2.75,Trinitario,Madagascar
Just Good Chocolate,Madagascar,2014,0.7,U.S.A.,3.5,Trinitario,Madagascar
Kto,Sambirano Valley,2014,0.72,U.S.A.,3.25,Trinitario,Madagascar
Kyya,Madagascar,2014,0.725,U.S.A.,3,Trinitario,Madagascar
L.A. Burdick (Felchlin),Madagascar,2009,0.64,U.S.A.,3.5,Trinitario,Madagascar
Laia aka Chat-Noir,"Madagascar, Batch 59/100",2015,0.75,France,2.75,Trinitario,Madagascar
Lilla,Madagascar,2016,0.7,Finland,3,Trinitario,Madagascar
Madecasse (Cinagra),Madagascar,2008,0.67,Madagascar,3.5,Trinitario,Madagascar
Madecasse (Cinagra),Madagascar,2008,0.7,Madagascar,3.75,Trinitario,Madagascar
Madecasse (Cinagra),Madagascar,2008,0.63,Madagascar,4,Trinitario,Madagascar
Madecasse (Cinagra),Madagascar,2008,0.75,Madagascar,3.5,Trinitario,Madagascar
Malagasy (Chocolaterie Robert),Sambirano 2006,2007,0.75,Madagascar,2.75,Trinitario,Madagascar
Malagasy (Chocolaterie Robert),Mora Mora 2006,2007,0.73,Madagascar,3.5,Trinitario,Madagascar
Matale,"Somia, 2013",2013,0.68,Australia,4,Trinitario,Madagascar
Menakao (aka Cinagra),Madagascar,2012,0.8,Madagascar,2.5,Trinitario,Madagascar
Menakao (aka Cinagra),Madagascar,2012,0.72,Madagascar,2.5,Trinitario,Madagascar
Metiisto,Akesson Estate,2014,0.72,Sweden,3.5,Trinitario,Madagascar
Michel Cluizel,Mangaro P.,2006,0.65,France,4,Trinitario,Madagascar
Nathan Miller,Madagascar,2014,0.735,U.S.A.,2.5,Trinitario,Madagascar
Nibble,"Ambanja, Sambirano Valley",2015,0.72,U.S.A.,3,Trinitario,Madagascar
Nuance,"Sambirano Valley, 2012",2015,0.7,U.S.A.,3.5,Trinitario,Madagascar
Omnom,Madagascar,2014,0.66,Iceland,3.5,Trinitario,Madagascar
Palette de Bine,Sambirano,2014,0.78,Canada,3.75,Trinitario,Madagascar
Patric,Madagascar,2009,0.75,U.S.A.,4,Trinitario,Madagascar
Patric,Madagascar,2009,0.67,U.S.A.,3.5,Trinitario,Madagascar
Patric,Madagascar,2007,0.7,U.S.A.,4,Trinitario,Madagascar
Paul Young,"Madagascar, w/ shell",2014,0.73,U.K.,2.25,Trinitario,Madagascar
Paul Young,"Madagascar, w/ shell",2014,0.64,U.K.,2.75,Trinitario,Madagascar
Pierre Marcolini,"Sambirano, Ambanja, Madagascar",2007,0.72,Belgium,4,Trinitario,Madagascar
Pitch Dark,Akesson Estate,2014,0.73,U.S.A.,3.25,Trinitario,Madagascar
Pump Street Bakery,"Akessons Estate, Sambirano, Ambanja",2014,0.72,U.K.,3.25,Trinitario,Madagascar
Raaka,Madagascar,2012,0.75,U.S.A.,3.25,Trinitario,Madagascar
Ritual,Sambirano,2012,0.75,U.S.A.,4,Trinitario,Madagascar
Robert (aka Chocolaterie Robert),Madagascar,2013,0.75,Madagascar,3.25,Trinitario,Madagascar
Robert (aka Chocolaterie Robert),Madagascar w/ nibs,2013,0.68,Madagascar,3.25,Trinitario,Madagascar
Rogue,"Akessons Estate, Sambirano, 2013",2013,0.7,U.S.A.,3.5,Trinitario,Madagascar
Rogue,"Sambirano, 2008",2008,0.7,U.S.A.,2.75,Trinitario,Madagascar
Rozsavolgyi,"Sambirano, Akesson Estate",2012,0.72,Hungary,2.5,Trinitario,Madagascar
S.A.I.D.,Malgascio,2010,0.64,Italy,3.5,Trinitario,Madagascar
Sirene,"Somia Plantation, 2012",2015,1,Canada,3,Trinitario,Madagascar
Sirene,"Somia Plantation, 2012",2014,0.67,Canada,3.75,Trinitario,Madagascar
Sirene,"Somia Plantation, 2012",2014,0.73,Canada,3.75,Trinitario,Madagascar
"Smooth Chocolator, The",Akesson's Estate,2015,0.65,Australia,3.25,Trinitario,Madagascar
"Smooth Chocolator, The",Akesson's Estate,2015,0.7,Australia,3.5,Trinitario,Madagascar
Snake & Butterfly,Madagascar,2010,0.68,U.S.A.,3,Trinitario,Madagascar
Sol Cacao,Madagascar,2015,0.72,U.S.A.,3,Trinitario,Madagascar
Solstice,Sambirano,2013,0.7,U.S.A.,3,Trinitario,Madagascar
Soma,"Sambirano Valley, Black Science, B-60307.0",2016,0.7,Canada,3.5,Trinitario,Madagascar
Starchild,Sambirano Valley,2015,0.7,U.S.A.,3,Trinitario,Madagascar
Sublime Origins,Sambirano,2013,0.67,U.S.A.,2.75,Trinitario,Madagascar
Szanto Tibor,Ambolikapiky,2015,0.7,Hungary,3.25,Trinitario,Madagascar
Terroir,Madagascar,2015,0.7,U.S.A.,3.75,Trinitario,Madagascar
Terroir,Madagascar,2014,0.67,U.S.A.,3.75,Trinitario,Madagascar
Theo,Madagascar,2007,0.65,U.S.A.,3.5,Trinitario,Madagascar
twenty-four blackbirds,Madagascar,2014,0.75,U.S.A.,3.5,Trinitario,Madagascar
Upchurch,"Madagascar, Sassy Bar",2016,0.72,U.S.A.,3,Trinitario,Madagascar
Valrhona,"Sambirano, Ampamakia 2005, Millot P.",2006,0.64,France,3.5,Trinitario,Madagascar
Vao Vao (Chocolaterie Robert),Madagascar,2009,0.72,Madagascar,2.75,Trinitario,Madagascar
Vao Vao (Chocolaterie Robert),Madagascar,2009,0.76,Madagascar,2.75,Trinitario,Madagascar
Vao Vao (Chocolaterie Robert),Madagascar,2009,0.8,Madagascar,2.75,Trinitario,Madagascar
Vao Vao (Chocolaterie Robert),Madagascar,2009,0.7,Madagascar,3,Trinitario,Madagascar
Vao Vao (Chocolaterie Robert),Madagascar w/ nibs,2009,0.68,Madagascar,3,Trinitario,Madagascar
Vao Vao (Chocolaterie Robert),Madagascar,2009,0.64,Madagascar,3.25,Trinitario,Madagascar
Violet Sky,Sambirano Valley,2015,0.77,U.S.A.,2.75,Trinitario,Madagascar
Willie's Cacao,Sambirano,2010,0.71,U.K.,3,Trinitario,Madagascar
Woodblock,Sambirano,2012,0.7,U.S.A.,3.25,Trinitario,Madagascar
Zak's,"Madagascar, Batch 2",2015,0.7,U.S.A.,3.25,Trinitario,Madagascar
Amedei,Madagascar,2007,0.7,Italy,4,Trinitario,Madagascar
Hotel Chocolat (Coppeneur),Sambirano,2012,0.66,U.K.,3.5,Trinitario,Madagascar
Scharffen Berger,Amina,2010,0.65,U.S.A.,3.75,Trinitario,Madagascar
Choco Dong,"Tawau, Oct. 2015 Harvest",2015,0.7,South Korea,3.5,Trinitario,Malaysia
Ah Cacao,Tabasco,2009,0.7,Mexico,3,Criollo,Mexico
Bonnat,"Porcelana, Tabasco, Marfil de Blanco",2009,0.75,France,3,Criollo,Mexico
Bonnat,"Xoconusco, cacao Real",2009,0.75,France,3,Criollo,Mexico
Cacao Sampaka,"Porcelana, Tabasco, La Joya",2009,0.7,Spain,4,Criollo,Mexico
Cacao Sampaka,"Xoconusco, Chiapas",2009,0.7,Spain,4,Criollo,Mexico
Chocolats Privilege,Xoconusco,2014,0.7,Canada,2.5,Criollo,Mexico
Chocovic,Xoconusco,2010,0.71,Spain,3.25,Criollo,Mexico
Choklat,"Porcelana, Tabasco",2009,0.7,Canada,2.75,Criollo,Mexico
Coppeneur,"Porcelana, Tabasco, Mexico",2008,0.72,Germany,3,Criollo,Mexico
Pierre Marcolini,"Porcelana, Tabasco, Finca La Joya",2009,0.72,Belgium,3,Criollo,Mexico
Pierre Marcolini,"Porcelana, Tabasco, Limited Ed.",2006,0.72,Belgium,4,Criollo,Mexico
Quetzalli (Wolter),"Mexico, Lot 28022016",2016,0.7,Mexico,2.75,Criollo,Mexico
Askinosie,Xoconusco,2007,0.75,U.S.A.,2.5,Trinitario,Mexico
Chocovivo,Tabasco,2015,0.65,U.S.A.,2.5,Trinitario,Mexico
Chocovivo,Tabasco,2015,0.75,U.S.A.,2.5,Trinitario,Mexico
Quetzalli (Wolter),"Uranga, Lot 22032016",2016,0.74,Mexico,3,Trinitario,Mexico
Duffy's,"Chuno, Xoco",2014,0.7,U.K.,3.5,Criollo,Nicaragua
Duffy's,"Rico Rugoso, Xoco",2014,0.76,U.K.,3.75,Criollo,Nicaragua
Duffy's,"Nicaliso, Xoco",2011,0.71,U.K.,3.25,Criollo,Nicaragua
Naï¿½ve,Nicaragua,2014,0.7,Lithuania,3.25,Criollo,Nicaragua
Alexandre,"La Dalia, Matagalpa",2017,0.7,Netherlands,3.5,Criollo,Nicaragua
Arete,Chuno,2015,0.7,U.S.A.,4,Criollo,Nicaragua
Doble & Bignall,Johe,2014,0.72,U.K.,3.5,Criollo,Nicaragua
Friis Holm (Bonnat),"Chuno, triple turned, Xoco",2012,0.7,Denmark,3.25,Criollo,Nicaragua
Friis Holm (Bonnat),"Chuno, double turned, Xoco",2012,0.7,Denmark,3.25,Criollo,Nicaragua
Friis Holm (Bonnat),"Johe, Xoco",2011,0.7,Denmark,3.25,Criollo,Nicaragua
Friis Holm (Bonnat),"Chuno, Xoco",2011,0.7,Denmark,3.5,Criollo,Nicaragua
Friis Holm (Bonnat),"Nicaliso, Xoco",2011,0.7,Denmark,3.5,Criollo,Nicaragua
Pitch Dark,Chuno,2015,0.8,U.S.A.,2.75,Criollo,Nicaragua
Castronovo,Nicaragua,2013,0.72,U.S.A.,3.25,Trinitario,Nicaragua
Hummingbird,Momotombo,2014,0.7,Canada,3,Trinitario,Nicaragua
L'Amourette,Rugoso,2016,0.8,U.S.A.,3.5,Trinitario,Nicaragua
organicfair,Nicaraqua,2013,0.72,Canada,2.75,Trinitario,Nicaragua
Pitch Dark,Nicalizo,2015,0.8,U.S.A.,2.75,Trinitario,Nicaragua
Soma,"Chuno, San Jose de Bocay, Pantasma R.,B.S.",2016,0.7,Canada,3.75,Trinitario,Nicaragua
Soma,La Dalia,2014,0.7,Canada,3.25,Trinitario,Nicaragua
Starchild,Rio Tuma,2015,0.7,U.S.A.,3,Trinitario,Nicaragua
Neuhaus (Callebaut),Papua New Guinea,2010,0.7,Belgium,2.5,Criollo,Papua New Guinea
Zotter,Huiwani Coop,2012,0.75,Austria,3,Criollo,Papua New Guinea
Cravve,New Ireland,2014,0.7,Australia,2.5,Forastero,Papua New Guinea
Cravve,Djual Island,2012,0.75,Australia,3.5,Forastero,Papua New Guinea
Shark Mountain,Papua New Guinea,2015,0.73,U.S.A.,3.5,Forastero,Papua New Guinea
Captain Pembleton,"Saidor Estate, Madang P.",2014,0.7,New Zealand,3.5,Trinitario,Papua New Guinea
Fresco,"Markham Valley, #220, MR, MC",2012,0.69,U.S.A.,4,Trinitario,Papua New Guinea
Fresco,"Markham Valley, #222, LR, 0C",2012,0.69,U.S.A.,3,Trinitario,Papua New Guinea
Matale,"Kulili P., 2013",2013,0.74,Australia,4,Trinitario,Papua New Guinea
Pralus,Papouasie,2008,0.75,France,3,Trinitario,Papua New Guinea
Soma,Papua New Guinea,2012,0.85,Canada,3.5,Trinitario,Papua New Guinea
Soma,Papua New Guinea,2009,0.7,Canada,3.5,Trinitario,Papua New Guinea
Zokoko,Tokiala,2011,0.66,Australia,3.5,Trinitario,Papua New Guinea
Acalli,"Tumbes, Norandino",2015,0.7,U.S.A.,3.75,Criollo,Peru
Artisan du Chocolat,Peru,2009,0.75,U.K.,3,Criollo,Peru
Bonnat,"Porcelana, Apotequil",2009,0.75,France,2.75,Criollo,Peru
Cacao Atlanta,Tumbes,2014,0.75,U.S.A.,2.5,Criollo,Peru
Castronovo,San Martin,2013,0.7,U.S.A.,2.5,Criollo,Peru
Castronovo,Tumbes,2013,0.7,U.S.A.,2.75,Criollo,Peru
Chocolarder,Peru,2015,0.65,U.K.,2.5,Criollo,Peru
Chocolarder,Peru + nibs,2015,0.65,U.K.,2.75,Criollo,Peru
Chocolate Makers,"Peru, Awagum bar",2015,0.8,Netherlands,3.75,Criollo,Peru
"Chocolate Tree, The",Peru,2012,0.68,Scotland,2.75,Criollo,Peru
Coppeneur,"Porcelana, Apotequil",2009,0.72,Germany,3,Criollo,Peru
Coppeneur,"Porcelana, Apotequil",2009,0.62,Germany,3.25,Criollo,Peru
Emily's,Peru,2015,0.78,Japan,3.5,Criollo,Peru
Forever Cacao,Rio Eni,2014,0.72,U.K.,2.75,Criollo,Peru
French Broad,Tumbes Coop,2012,0.7,U.S.A.,2.5,Criollo,Peru
Hogarth,Gran Blanco,2016,0.66,New Zealand,3.5,Criollo,Peru
iQ Chocolate,"Satipo region, white label",2012,0.72,Scotland,2.75,Criollo,Peru
La Chocolaterie Nanairo,"Tumbes, 2013 Harvest, Batch 8",2016,0.7,Japan,3,Criollo,Peru
Lillie Belle,Perfect Illusion,2012,0.65,U.S.A.,3.5,Criollo,Peru
Map Chocolate,"Tumbes, Dear Mr. Finley, 2014",2015,0.68,U.S.A.,3.5,Criollo,Peru
Maverick,Tumbes,2014,0.82,U.S.A.,3.25,Criollo,Peru
Maverick,"Morropon, Norandiono Coop, Piura",2014,0.63,U.S.A.,3.5,Criollo,Peru
Nibble,Tumbes,2015,0.72,U.S.A.,3,Criollo,Peru
Obolo,Pangoa,2015,0.7,Chile,3.75,Criollo,Peru
Obolo,"Pangoa, w/ nibs",2015,0.7,Chile,3.75,Criollo,Peru
Ocelot,Piura,2015,0.75,Scotland,4,Criollo,Peru
Original Beans (Felchlin),"Piura, Apotequil, ""Porcelana"" 72hr c.",2009,0.75,Switzerland,3,Criollo,Peru
Pierre Marcolini,"Peru, Las Pampas P.",2010,0.85,Belgium,3,Criollo,Peru
Pomm (aka Dead Dog),Peru,2012,0.82,U.S.A.,2.75,Criollo,Peru
Ranger,"Tumbes, Batch 2",2015,0.73,U.S.A.,3.5,Criollo,Peru
Raoul Boulanger,Piura,2016,0.75,France,3.25,Criollo,Peru
Shattell,Porcelana,2011,0.75,Peru,3.5,Criollo,Peru
Soma,"Apurimac, El Quinacho Co-op",2013,0.7,Canada,2.75,Criollo,Peru
Two Ravens,Peru,2016,0.6,U.S.A.,3,Criollo,Peru
Wilkie's Organic,Amazonas,2013,0.75,Ireland,2.5,Criollo,Peru
Wilkie's Organic,Amazonas,2013,0.89,Ireland,2.75,Criollo,Peru
Wilkie's Organic,Tumbes,2013,0.75,Ireland,3.25,Criollo,Peru
Wilkie's Organic,Amazonas w/ nibs,2013,0.75,Ireland,2.75,Criollo,Peru
Zotter,"Satipo Pangoa region, 16hr conche",2012,0.7,Austria,3,Criollo,Peru
Zotter,"Satipo Pangoa region, 20hr conche",2012,0.7,Austria,3.5,Criollo,Peru
Summerbird,Peru,2016,0.61,Denmark,2.5,Criollo,Peru
Summerbird,Peru,2016,0.71,Denmark,3,Criollo,Peru
Violet Sky,Peru,2015,0.77,U.S.A.,3.25,Criollo,Peru
Arete,Phantom,2016,0.7,U.S.A.,4,Forastero ,Peru
Arete,Nacional,2015,0.68,U.S.A.,3.5,Forastero ,Peru
Bar Au Chocolat,Maranon Canyon,2014,0.7,U.S.A.,4,Forastero ,Peru
Bonnat,Piura Blanco,2011,0.75,France,3.5,Forastero ,Peru
"Chocolate Tree, The",Maranon,2015,0.69,Scotland,3.75,Forastero ,Peru
"Chocolate Tree, The",Peru,2013,0.7,Scotland,3.75,Forastero ,Peru
Christopher Morel (Felchlin),"Maranon Canyon, Fortunato No. 4",2011,0.68,Canada,3.75,Forastero ,Peru
Durci,"Maranon, Joya Rara",2015,0.7,U.S.A.,3.5,Forastero ,Peru
Eclat (Felchlin),"Maranon, Good & Evil, w/ nibs",2012,0.72,U.S.A.,2.75,Forastero ,Peru
French Broad,"Maranon Canyon, Fortunato No. 4",2011,0.7,U.S.A.,3.5,Forastero ,Peru
Fresco,"Maranon, #228, MR, SC",2014,0.7,U.S.A.,3,Forastero ,Peru
Fresco,"Maranon, #227, LR, MC",2014,0.7,U.S.A.,3.5,Forastero ,Peru
Fresco,"Maranon, #229, MR, LC",2014,0.7,U.S.A.,3.5,Forastero ,Peru
Fresco,"Maranon, #230, DR, LC",2014,0.7,U.S.A.,3.5,Forastero ,Peru
Fruition,Maranon,2014,0.76,U.S.A.,3,Forastero ,Peru
K'ul,"Maranon, Fortunato No. 4",2016,0.7,U.S.A.,2.75,Forastero ,Peru
Letterpress,Maranura,2014,0.7,U.S.A.,3.5,Forastero ,Peru
Map Chocolate,"Maranon, 2014",2015,0.62,U.S.A.,3.5,Forastero ,Peru
Naive,"Maranon Canyon, Fortunato No. 4",2013,0.78,Lithuania,3.75,Forastero ,Peru
Noble Bean aka Jerjobo,Maranon Canyon,2014,0.75,U.S.A.,3.25,Forastero ,Peru
Ritual,"Maranon, Cajamarca",2013,0.75,U.S.A.,3,Forastero ,Peru
"Smooth Chocolator, The","Maranon, batch 2",2015,0.67,Australia,3,Forastero ,Peru
Solkiki,"Maranon, Fortunato No. 4",2016,0.68,U.K.,2.75,Forastero ,Peru
Soma,Maranon Canyon,2014,0.7,Canada,3.75,Forastero ,Peru
Woodblock,"Maranon, Cajamarca",2014,0.7,U.S.A.,3,Forastero ,Peru
Amazona,"Bellavista Gran Pajeten, San Martin",2013,0.73,Peru,3.5,Trinitario,Peru
Domori,Apurimac,2006,0.7,Italy,3.25,Trinitario,Peru
Fresco,"Bellavista Coop, #225, LR, MC, CG Exclusive",2013,0.7,U.S.A.,4,Trinitario,Peru
La Chocolaterie Nanairo,"Lumas, 2015 Harvest, Batch 6, brown sugar",2016,0.7,Japan,2.25,Trinitario,Peru
La Chocolaterie Nanairo,"Lumas, 2015 Harvest, Batch 7",2016,0.7,Japan,2.5,Trinitario,Peru
Askinosie,Davao,2009,0.77,U.S.A.,3.75,Trinitario,Philippines
Malagos,"Davao, Mt. Talamo foothills",2013,0.65,Philippines,3.5,Trinitario,Philippines
Rozsavolgyi,Principe,2011,0.77,Hungary,2.75,Forastero,Sao Tome & Principe
C-Amaro,Sao Tome,2011,0.78,Italy,2.25,Forastero,Sao Tome & Principe
Hotel Chocolat (Coppeneur),Uba Budo,2008,0.72,U.K.,3,Forastero,Sao Tome & Principe
Laia aka Chat-Noir,"Sao Tome, Batch 151",2015,0.75,France,3.5,Forastero,Sao Tome & Principe
Michel Cluizel,Vila Gracinda,2007,0.67,France,3.5,Forastero,Sao Tome & Principe
Michel Cluizel,Tamarina,2006,0.7,France,3,Forastero,Sao Tome & Principe
Neuhaus (Callebaut),Sao Tome,2006,0.75,Belgium,2.75,Forastero,Sao Tome & Principe
Pralus,Claudio Corallo w/ nibs,2007,0.75,France,4,Forastero,Sao Tome & Principe
Santome,Sao Tome,2011,0.7,France,2.75,Forastero,Sao Tome & Principe
Silvio Bessone,"Trintade, Sao Tome",2011,0.65,Italy,3.25,Forastero,Sao Tome & Principe
Claudio Corallo,Terreiro Velho P.,2010,0.735,Sao Tome,3.75,Forastero,Sao Tome & Principe
Claudio Corallo,Terreiro Velho P. w/ sugar crystals,2008,0.8,Sao Tome,3,Forastero,Sao Tome & Principe
Claudio Corallo,Terreiro Velho P.,2008,0.75,Sao Tome,4,Forastero,Sao Tome & Principe
Claudio Corallo,Principe,2008,1,Sao Tome,1,Forastero,Sao Tome & Principe
Coppeneur,Uba Budo,2012,0.72,Germany,3.75,Forastero,Sao Tome & Principe
Enric Rovira (Claudio Corallo),Terreiro Velho P.,2010,0.8,Spain,3.25,Forastero,Sao Tome & Principe
Pralus,Sao Tome & Principe,2006,0.75,France,3.5,Forastero,Sao Tome & Principe
Valrhona,Guanaja,2006,0.7,France,4,Criollo,South America
Metropolitan,South America,2015,0.7,Netherlands,3.5,Trinitario,South America
Svenska Kakaobolaget,Sri Lanka,2015,0.7,Sweden,2.75,Criollo,Sri Lanka
Hotel Chocolat,"Marcial, single Cote, 2012",2013,0.7,U.K.,4,Trinitario,St. Lucia
Hotel Chocolat,"Island Growers, 2012, 120hr c.",2013,1,U.K.,1.75,Trinitario,St. Lucia
Hotel Chocolat (Coppeneur),"Island Growers, 120hr c.",2011,0.65,U.K.,3,Trinitario,St. Lucia
Hotel Chocolat (Coppeneur),"Island Growers, 96hr c.",2011,0.65,U.K.,3.25,Trinitario,St. Lucia
Tan Ban Skrati,"Paramaribo, batch 20160043-01",2016,0.7,Suriname,3.25,Trinitario,Suriname
Pralus,Tanzania,2006,0.75,France,3.5,Criollo,Tanzania
Bellflower,"Kakao Kamili, Kilombero Valley",2016,0.7,U.S.A.,3.5,Criollo,Tanzania
Zart Pralinen,"Kakao Kamili, Kilombero Valley",2016,0.85,Austria,3,Criollo,Tanzania
Zart Pralinen,"Kakao Kamili, Kilombero Valley",2016,0.7,Austria,3.5,Criollo,Tanzania
Alexandre,"Makwale Village, Kyela",2017,0.7,Netherlands,3.5,Forastero,Tanzania
Cravve,"Tanzania, batch a1",2012,0.75,Australia,3.25,Forastero,Tanzania
Askinosie,Mababa,2016,0.68,U.S.A.,3.75,Trinitario,Tanzania
Askinosie,"Tenende, Uwate",2011,0.72,U.S.A.,3.75,Trinitario,Tanzania
Fossa,"Kokoa Kamili Coop, Kilombero",2016,0.67,Singapore,3.75,Trinitario,Tanzania
Omnom,"Kakao Kamili, Kilombero Valley",2016,0.7,Iceland,3.75,Trinitario,Tanzania
Tobago Estate (Pralus),"Roxborough, Tobago",2012,0.7,France,4,Trinitario,Tobago
Alain Ducasse,Trinite,2014,0.65,France,2.75,Trinitario,Trinidad
Amedei,Trinidad,2007,0.7,Italy,3.5,Trinitario,Trinidad
Arete,San Juan,2016,0.7,U.S.A.,3.5,Trinitario,Trinidad
Artisan du Chocolat,"Trinidad, Heritage, Limited ed.",2013,0.72,U.K.,3.25,Trinitario,Trinidad
Bright,Gran Couva,2014,0.68,Australia,2.75,Trinitario,Trinidad
Burnt Fork Bend,Trinidad,2014,0.72,U.S.A.,3.25,Trinitario,Trinidad
C-Amaro,Trinidad,2011,0.7,Italy,2.5,Trinitario,Trinidad
Coppeneur,Trinidad,2010,0.72,Germany,3,Trinitario,Trinidad
Damson,Robson Estate,2015,0.7,U.K.,3,Trinitario,Trinidad
Ethel's Artisan (Mars),Trinidad,2011,0.55,U.S.A.,2.5,Trinitario,Trinidad
Fruition,Gran Couva,2014,0.7,U.S.A.,3.75,Trinitario,Trinidad
Guittard,Trinidad,2010,0.65,U.S.A.,3,Trinitario,Trinidad
Holy Cacao,Gran Couva,2015,0.7,Israel,3.5,Trinitario,Trinidad
Hotel Chocolat (Coppeneur),Trinidad,2013,0.75,U.K.,3,Trinitario,Trinidad
Letterpress,"San Juan Estate, Gran Couva",2015,0.7,U.S.A.,3.5,Trinitario,Trinidad
Map Chocolate,"San Juan Estate, Cherry Blossoms at Night",2015,0.7,U.S.A.,2.75,Trinitario,Trinidad
Middlebury,San Juan Estate,2015,0.7,U.S.A.,3.5,Trinitario,Trinidad
Neuhaus (Callebaut),Manickchand Estate,2008,0.67,Belgium,3.75,Trinitario,Trinidad
Ohiyo,"San Juan Estate, Gran Couva",2015,0.7,U.S.A.,2.75,Trinitario,Trinidad
Palette de Bine,"San Juan Estate, Gran Couva",2015,0.7,Canada,3.25,Trinitario,Trinidad
Palette de Bine,Gran Couva,2014,0.7,Canada,3.75,Trinitario,Trinidad
Pierre Marcolini,Trinite,2010,0.75,Belgium,3.25,Trinitario,Trinidad
Pralus,Trinidad,2006,0.75,France,3.5,Trinitario,Trinidad
Ritual,Gran Couva,2012,0.75,U.S.A.,3.5,Trinitario,Trinidad
Rogue,Trinidad,2008,0.7,U.S.A.,3,Trinitario,Trinidad
"Smooth Chocolator, The",San Juan Estate,2015,0.7,Australia,3.75,Trinitario,Trinidad
Soma,"Sangre Grande P., Trinidad",2013,0.7,Canada,3.75,Trinitario,Trinidad
Tablette (aka Vanillabeans),Trinidad,2015,0.77,Japan,2.75,Trinitario,Trinidad
Valrhona,Gran Couva 2005 P.,2006,0.64,France,2.5,Trinitario,Trinidad
Videri,Trinidad,2014,0.75,U.S.A.,3.5,Trinitario,Trinidad
Woodblock,Gran Couva,2013,0.7,U.S.A.,3.5,Trinitario,Trinidad
Zart Pralinen,San Juan Estate,2016,0.85,Austria,2.75,Trinitario,Trinidad
Zart Pralinen,"San Juan Estate, Gran Couva",2016,0.78,Austria,3.5,Trinitario,Trinidad
Chaleur B,Uganda,2014,0.7,Canada,2.75,Forastero,Uganda
De Villiers,Bundibugyo District,2016,0.7,South Africa,2.5,Forastero,Uganda
hello cocoa,Uganda,2015,0.57,U.S.A.,2.75,Forastero,Uganda
Hotel Chocolat (Coppeneur),Uganda,2008,0.8,U.K.,2.5,Forastero,Uganda
Kyya,Uganda,2014,0.725,U.S.A.,2.5,Forastero,Uganda
Terroir,Uganda,2014,0.73,U.S.A.,3.75,Forastero,Uganda
Solstice,Bundibugyo,2014,0.7,U.S.A.,3,Forastero ,Uganda
Soma,"Espiritu Santo, 'Smoke Monster'",2014,0.7,Canada,3.75,Forastero ,Vanuatu
Cravve,"Vanuatu, batch 2410",2014,0.83,Australia,2.75,Trinitario,Vanuatu
Cravve,Vanuatu,2012,0.64,Australia,3.25,Trinitario,Vanuatu
Kakao,Vanuatu,2009,0.65,Germany,3.75,Trinitario,Vanuatu
Matale,"Malekula P., 2013",2013,0.72,Australia,3.5,Trinitario,Vanuatu
Pralus,Vanuatu,2006,0.75,France,3,Trinitario,Vanuatu
Spencer,Malekula Island,2014,0.72,Australia,2.75,Trinitario,Vanuatu
Theo,"Venezuela; Barinos, Merida, Tachron",2007,0.91,U.S.A.,2,Blend,Venezuela
A. Morin,Carenero,2014,0.7,France,2.75,Criollo,Venezuela
A. Morin,Sur del Lago,2014,0.7,France,3.5,Criollo,Venezuela
A. Morin,Puerto Cabello,2014,0.7,France,3.75,Criollo,Venezuela
Amano,Ocumare,2007,0.7,U.S.A.,3.75,Criollo,Venezuela
Benoit Nihant,Chuao,2013,0.74,Belgium,3.5,Criollo,Venezuela
Benoit Nihant,Cuyagua Village,2013,0.74,Belgium,3.5,Criollo,Venezuela
Beschle (Felchlin),Maracaibo,2011,0.88,Switzerland,3,Criollo,Venezuela
Bittersweet Origins,"Ocumare, prototype",2010,0.78,U.S.A.,3,Criollo,Venezuela
Bonnat,"Maracaibo, El Rosario",2006,0.75,France,4,Criollo,Venezuela
Brasstown aka It's Chocolate,"Guasare, Zulia Prov.",2016,0.7,U.S.A.,3.5,Criollo,Venezuela
Cao,Porcelana,2016,0.75,U.S.A.,2.5,Criollo,Venezuela
Cao,"Porcelana, Batch 5163",2016,0.7,U.S.A.,3,Criollo,Venezuela
ChocoReko,Patanemo,2015,0.77,Japan,3,Criollo,Venezuela
Chocovic,Ocumare,2008,0.71,Spain,3.5,Criollo,Venezuela
Choklat,Ocumare,2009,0.8,Canada,2.5,Criollo,Venezuela
Choklat,Ocumare,2009,0.7,Canada,3,Criollo,Venezuela
Chuao Chocolatier,Choroni,2009,0.61,U.S.A.,3,Criollo,Venezuela
Compania de Chocolate (Salgado),Ocumare,2008,0.7,Argentina,3.75,Criollo,Venezuela
Dick Taylor,Mantuano,2011,0.75,U.S.A.,2.75,Criollo,Venezuela
Domori,"IL100, H. San Jose",2013,1,Italy,3,Criollo,Venezuela
Domori,Guasare,2012,0.7,Italy,3.75,Criollo,Venezuela
Domori,"Canoabo, Hacienda San Jose",2011,0.7,Italy,3.5,Criollo,Venezuela
Edelmond,Porcelana,2016,0.68,Germany,3,Criollo,Venezuela
El Rey,"Carenero Superior, Apamate",2008,0.74,Venezuela,2.5,Criollo,Venezuela
El Rey,"Carenero Superior, Bucare",2008,0.58,Venezuela,2.5,Criollo,Venezuela
El Rey,"Carenero Superior, Mijao",2008,0.61,Venezuela,3,Criollo,Venezuela
El Rey,"Carenero Superior, Gran Saman",2006,0.7,Venezuela,2.75,Criollo,Venezuela
Escazu,Carenero Superior,2009,0.81,U.S.A.,3.5,Criollo,Venezuela
Escazu,Ocumare,2008,0.72,U.S.A.,3,Criollo,Venezuela
Felchlin,Maracaibo Clasificado,2006,0.65,Switzerland,3,Criollo,Venezuela
Fresco,"Carenero Superior, #203, MR, SC",2009,0.65,U.S.A.,3.5,Criollo,Venezuela
hello cocoa,Venezuela,2015,0.74,U.S.A.,3.5,Criollo,Venezuela
Idilio (Felchlin),Coopertiva Amazona,2011,0.72,Switzerland,3.75,Criollo,Venezuela
Idilio (Felchlin),"Choroni, Finca Torres, 48hr c.",2011,0.72,Switzerland,3.25,Criollo,Venezuela
Idilio (Felchlin),"Ocumare, H. Cata, 48hr c.",2011,0.72,Switzerland,3.75,Criollo,Venezuela
Idilio (Felchlin),"Porcelana, Zulia",2011,0.74,Switzerland,4,Criollo,Venezuela
Idilio (Felchlin),"Ocumare, H. Cata, w/ nibs",2011,0.72,Switzerland,3.5,Criollo,Venezuela
Idilio (Felchlin),Coopertiva Amazona w/ nibs,2011,0.72,Switzerland,4,Criollo,Venezuela
Manufaktura Czekolady,Porcelana,2014,0.7,Poland,3.75,Criollo,Venezuela
Mast Brothers,Patanemo,2010,0.81,U.S.A.,2.75,Criollo,Venezuela
Neuhaus (Callebaut),Ocumare,2006,0.71,Belgium,3,Criollo,Venezuela
Nibble,Patanemo,2015,0.72,U.S.A.,2.25,Criollo,Venezuela
Nuance,"Canoabo, 2013",2015,0.7,U.S.A.,3,Criollo,Venezuela
Pierre Marcolini,Chuao,2010,0.75,Belgium,3,Criollo,Venezuela
Pierre Marcolini,"Ocumare, Puerto Cabello, Venezuela",2006,0.72,Belgium,4,Criollo,Venezuela
Rogue,Porcelana,2014,0.8,U.S.A.,3.75,Criollo,Venezuela
Rozsavolgyi,Carenero Superior,2011,0.73,Hungary,3.5,Criollo,Venezuela
Shark Mountain,Cuyagua,2015,0.77,U.S.A.,2.75,Criollo,Venezuela
"Smooth Chocolator, The","Guasare, La Sierra de Perija, batch gua001",2016,0.7,Australia,3.75,Criollo,Venezuela
Soma,CSB Chama,2015,0.7,Canada,3.5,Criollo,Venezuela
Soma,Patanemo,2013,0.7,Canada,3.75,Criollo,Venezuela
Soma,"Maracaibo, El Vigia",2013,0.7,Canada,4,Criollo,Venezuela
Soma,Chuao,2011,0.7,Canada,3.5,Criollo,Venezuela
Soma,Ocumare,2009,0.7,Canada,3.75,Criollo,Venezuela
Szanto Tibor,Porcelana,2014,0.7,Hungary,3.5,Criollo,Venezuela
Valrhona,"Porcelana, Pedegral",2011,0.64,France,4,Criollo,Venezuela
Violet Sky,Cuyagua,2015,0.77,U.S.A.,3,Criollo,Venezuela
Wm,"Guasare, Zulia Prov., 2015, batch 124",2016,0.74,U.S.A.,3,Criollo,Venezuela
Coppeneur,Ocumare 61,2010,0.72,Germany,3.25,Criollo,Venezuela
Domori,"Ocumare 61, Puertomar",2007,0.75,Italy,3.25,Criollo,Venezuela
Domori,"Ocumare 67, Puertofino",2007,0.7,Italy,4,Criollo,Venezuela
Domori,Ocumare 77,2015,0.7,Italy,3.75,Criollo,Venezuela
Chocolate Con Amor,Ocumare,2016,0.8,U.S.A.,3,Criollo,Venezuela
Amedei,Porcelana,2007,0.7,Italy,4,Criollo,Venezuela
Beschle (Felchlin),"Porcelana, Premier Cru, Quizas No. 1",2010,0.74,Switzerland,3.25,Criollo,Venezuela
Bonnat,"Porcelana, Venezuela",2008,0.75,France,4,Criollo,Venezuela
Coppeneur,"Porcelana, Venezuela",2008,0.72,Germany,3,Criollo,Venezuela
Domori,Porcelana,2007,0.7,Italy,4,Criollo,Venezuela
Ethel's Artisan (Mars),Porcelana,2011,0.7,U.S.A.,2.5,Criollo,Venezuela
La Maison du Chocolat (Valrhona),"Porcelana, Pariguan",2009,0.69,France,3.5,Criollo,Venezuela
Pralus,"Porcelana, S. of Lake Maracaibo",2011,0.75,France,3.25,Criollo,Venezuela
Valrhona,"Porcelana, Maracaibo, Palmira P. 2006",2007,0.64,France,3.25,Criollo,Venezuela
Valrhona,"Porcelana, Maracaibo, Palmira P. 2005",2006,0.64,France,3,Criollo,Venezuela
Artisan du Chocolat,"Ocumare, Venezuela",2009,0.75,U.K.,2.5,Criollo,Venezuela
Coppeneur,Chuao 100hr,2009,0.7,Germany,3.5,Criollo,Venezuela
Coppeneur,Chuao 70hr,2009,0.7,Germany,3.75,Criollo,Venezuela
Hummingbird,Amazonas,2013,0.7,Canada,3.75,Forastero,Venezuela
Soma,Orinoco,2013,0.7,Canada,3.25,Forastero,Venezuela
A. Morin,Chuao,2013,0.7,France,4,Trinitario,Venezuela
Alain Ducasse,Chuao,2013,0.75,France,2.5,Trinitario,Venezuela
Amano,Chuao,2010,0.7,U.S.A.,3,Trinitario,Venezuela
Amedei,Chuao,2007,0.7,Italy,5,Trinitario,Venezuela
Beschle (Felchlin),"Carenero S., Barlovento, Grand Cru",2010,0.7,Switzerland,3.25,Trinitario,Venezuela
Black Mountain,Carenero Superior,2008,0.7,U.S.A.,2.75,Trinitario,Venezuela
Bonnat,Chuao,2006,0.75,France,4,Trinitario,Venezuela
Brasstown aka It's Chocolate,Chuao,2014,0.7,U.S.A.,4,Trinitario,Venezuela
Brasstown aka It's Chocolate,"Chuao, Mantuano blend",2013,0.85,U.S.A.,3.5,Trinitario,Venezuela
Cacao de Origen,Chuao,2015,0.77,Venezuela,3.5,Trinitario,Venezuela
Cacao de Origen,Rio Caribe,2015,0.75,Venezuela,3.25,Trinitario,Venezuela
Cacao de Origen,"Chuao, Aragua region",2014,0.75,Venezuela,3.5,Trinitario,Venezuela
Cacao de Origen,"Chuao, Aragua region",2014,0.7,Venezuela,3.75,Trinitario,Venezuela
"Chocolate Tree, The",Carenero Superior,2015,0.8,Scotland,3.75,Trinitario,Venezuela
Chuao Chocolatier (Pralus),Chuao,2010,0.77,U.S.A.,2.75,Trinitario,Venezuela
Compania de Chocolate (Salgado),Carenero Superior,2008,0.8,Argentina,2.75,Trinitario,Venezuela
Coppeneur,Chuao,2010,0.7,Germany,3,Trinitario,Venezuela
Danta,Chuao,2012,0.75,Guatemala,3,Trinitario,Venezuela
Doble & Bignall,"Puerto Cabello, Mantuano",2014,0.72,U.K.,3.25,Trinitario,Venezuela
Domori,"Chuao, Hacienda San Jose",2010,0.7,Italy,3,Trinitario,Venezuela
Domori,"Carupano, H. San Jose",2008,0.7,Italy,3,Trinitario,Venezuela
Domori,Granella,2007,0.6,Italy,3.25,Trinitario,Venezuela
Domori,Sur del Lago Classificado,2006,0.7,Italy,3,Trinitario,Venezuela
Domori,Carenero Superior,2006,0.7,Italy,3.5,Trinitario,Venezuela
Dormouse,"Rio Caribe, Batch 7",2015,0.7,U.K.,2.5,Trinitario,Venezuela
Durci,"Rio Caribe, Tepui Treasure",2015,0.7,U.S.A.,3.5,Trinitario,Venezuela
Durci,"Carenero, Empyrean Sabor",2015,0.7,U.S.A.,3.25,Trinitario,Venezuela
El Rey,"Rio Caribe, Cariaco",2009,0.605,Venezuela,2.75,Trinitario,Venezuela
El Rey,"Rio Caribe, Macuro",2009,0.7,Venezuela,3,Trinitario,Venezuela
Escazu,Rio Caribe,2012,0.7,U.S.A.,2.75,Trinitario,Venezuela
Fresco,"Chuao, #218, MR, MC",2011,0.76,U.S.A.,3.25,Trinitario,Venezuela
Fresco,"Chuao, #217, DR, MC",2011,0.7,U.S.A.,4,Trinitario,Venezuela
Hogarth,Carenero Superior,2016,0.72,New Zealand,2.75,Trinitario,Venezuela
Hotel Chocolat (Coppeneur),Chuao,2010,0.7,U.K.,2.75,Trinitario,Venezuela
Idilio (Felchlin),"Chuao, Venezuela",2013,0.72,Switzerland,3.75,Trinitario,Venezuela
Idilio (Felchlin),"Carenero Superior, Urrutia, Barlovento",2011,0.7,Switzerland,4,Trinitario,Venezuela
L.A. Burdick (Felchlin),Chuao,2012,0.68,U.S.A.,3.75,Trinitario,Venezuela
L'Amourette,Carenero Superior,2012,0.75,U.S.A.,3,Trinitario,Venezuela
L'Amourette,Rio Caribe,2012,0.75,U.S.A.,3,Trinitario,Venezuela
Mast Brothers,Chuao,2012,0.73,U.S.A.,2.75,Trinitario,Venezuela
Mast Brothers,"Chuao, Med. Roast",2011,0.76,U.S.A.,3,Trinitario,Venezuela
Mast Brothers,"Chuao, Dark Roast",2011,0.7,U.S.A.,3,Trinitario,Venezuela
Mast Brothers,"Chuao, Light Roast",2011,0.81,U.S.A.,2.75,Trinitario,Venezuela
Michel Cluizel,"Carenero Superior, Concepcion",2007,0.66,France,3.5,Trinitario,Venezuela
Naï¿½ve,Chuao,2014,0.75,Lithuania,2.75,Trinitario,Venezuela
Patric,"Rio Caribe, Paria Penninsula",2009,0.7,U.S.A.,3.5,Trinitario,Venezuela
Pralus,Chuao,2010,0.75,France,3.5,Trinitario,Venezuela
Pralus,"Barlovento, Venezuela",2006,0.75,France,3.5,Trinitario,Venezuela
Pump Street Bakery,"Patanemo Vil., Carabobo State, Tisano family",2014,0.75,U.K.,2.75,Trinitario,Venezuela
Rogue,Rio Caribe,2009,0.7,U.S.A.,3.5,Trinitario,Venezuela
Rozsavolgyi,"Rio Caribe Superior, Paria Penninsula",2012,0.76,Hungary,2.25,Trinitario,Venezuela
Salgado,Carenero Superior,2008,0.7,Argentina,3.5,Trinitario,Venezuela
"Smooth Chocolator, The","Chuao, batch 3",2015,0.7,Australia,3.75,Trinitario,Venezuela
Soma,Carenero Superior,2012,0.7,Canada,3.75,Trinitario,Venezuela
Urzi,"Sur del Lago, Merida",2014,0.65,Italy,3.25,Trinitario,Venezuela
Valrhona,Chuao 2002 P.,2007,0.65,France,3.75,Trinitario,Venezuela
Willie's Cacao,Rio Caribe,2009,0.72,U.K.,3.25,Trinitario,Venezuela
Amedei,Venezuela,2007,0.7,Italy,3.75,Trinitario,Venezuela
Guittard,Sur del Lago,2006,0.65,U.S.A.,2.5,Trinitario,Venezuela
Hummingbird,"Ocumare, Cumboto",2013,0.7,Canada,3.25,Trinitario,Venezuela
Alain Ducasse,Vietnam,2014,0.75,France,2.75,Trinitario,Vietnam
Alexandre,Tien Giang,2017,0.7,Netherlands,3.5,Trinitario,Vietnam
Arete,Tien Giang,2016,0.73,U.S.A.,3.5,Trinitario,Vietnam
Artisan du Chocolat,Ba Ria Vung Tau Province,2010,0.72,U.K.,3.25,Trinitario,Vietnam
Cacao Store,Vietnam,2015,0.7,Japan,3.5,Trinitario,Vietnam
Choco Dong,"Mekong Delta, early 2014 Harvest",2015,0.7,South Korea,2.75,Trinitario,Vietnam
Confluence,"Tien Giang, 2015, batch 10-2-16",2016,0.78,U.S.A.,2.75,Trinitario,Vietnam
DAR,Vietnam,2016,0.72,U.S.A.,3,Trinitario,Vietnam
Dick Taylor,Tien Giang,2016,0.78,U.S.A.,3.5,Trinitario,Vietnam
Erithaj (A. Morin),Ben Tre,2014,0.7,France,3.25,Trinitario,Vietnam
Erithaj (A. Morin),Ham Luong,2014,0.8,France,3,Trinitario,Vietnam
Erithaj (A. Morin),Ba Lai,2014,0.74,France,3.25,Trinitario,Vietnam
Frederic Blondeel,Vietnam,2015,0.8,Belgium,3,Trinitario,Vietnam
Grand Place,"Ben Tre, Dong Nai",2011,0.72,Vietnam,3,Trinitario,Vietnam
Hotel Chocolat (Coppeneur),Mekong Delta & Dong Nai,2013,0.8,U.K.,3.5,Trinitario,Vietnam
Hummingbird,Lam Dong,2015,0.7,Canada,3.5,Trinitario,Vietnam
Laia aka Chat-Noir,"Vietnam, Batch 50/100",2015,0.75,France,2.75,Trinitario,Vietnam
Laia aka Chat-Noir,"Lam Dong, Batch 153",2015,0.75,France,3.75,Trinitario,Vietnam
Map Chocolate,"Ben Tre, Surprise Valley",2016,0.75,U.S.A.,3.25,Trinitario,Vietnam
Marou,"Tan Phu Dong Island, Heart of Darkness",2015,0.85,Vietnam,3.25,Trinitario,Vietnam
Marou,Ben Tre,2015,0.68,Vietnam,3.5,Trinitario,Vietnam
Marou,"Dak Lak, Batch 2451",2015,0.7,Vietnam,3.75,Trinitario,Vietnam
Marou,"Tan Phu Dong, Treasure Island",2013,0.75,Vietnam,3.5,Trinitario,Vietnam
Marou,Ba Ria,2012,0.76,Vietnam,3.5,Trinitario,Vietnam
Marou,Dong Nai,2012,0.72,Vietnam,3.5,Trinitario,Vietnam
Marou,"Tien Giang, Gao Co-op",2012,0.7,Vietnam,3.5,Trinitario,Vietnam
Marou,Ben Tre,2012,0.78,Vietnam,3.5,Trinitario,Vietnam
Marou,Tien Giang,2012,0.8,Vietnam,3,Trinitario,Vietnam
Marou,Lam Dong,2012,0.74,Vietnam,3.5,Trinitario,Vietnam
Mutari,"Tien Giang, batch 1 SRB",2016,0.8,U.S.A.,3,Trinitario,Vietnam
Palette de Bine,Lam Dong,2015,0.72,Canada,3.75,Trinitario,Vietnam
Scharffen Berger,Ben Tre,2009,0.72,U.S.A.,3.75,Trinitario,Vietnam
"Smooth Chocolator, The",Tien Giang,2016,0.7,Australia,3,Trinitario,Vietnam
Soma,"Tien Giang, Black S., batch VIT60420.0",2016,0.7,Canada,4,Trinitario,Vietnam
Szanto Tibor,"Ben Tre, Mekong Delta",2015,0.7,Hungary,3.25,Trinitario,Vietnam
Tablette (aka Vanillabeans),Vietnam,2015,0.6,Japan,3.25,Trinitario,Vietnam
Vietcacao (A. Morin),"Ben Tre, Mekong Delta, MoCay",2012,0.7,France,3.5,Trinitario,Vietnam
Davis,West Africa,2012,0.58,U.S.A.,3.25,Forastero,West Africa
Dolfin (Belcolade),Africa,2008,0.88,Belgium,3,Forastero,West Africa
Neuhaus (Callebaut),West Africa,2006,0.73,Belgium,2,Forastero,West Africa
TCHO,West Africa,2016,0.62,U.S.A.,2,Forastero,West Africa
Valrhona,Abinao,2007,0.85,France,2.5,Forastero,West Africa
Valrhona,Le Noir Amer,2007,0.71,France,2.75,Forastero,West Africa
